{
    "Welcome_title1": "Send some shits",
    "Welcome_title2": "across the universe",
    "Transactions_title_files1": "Files to myself: ",
    "Transactions_Update": "Update",
    "Transactions_User_responsibility": "There is no server to store your information, it's your responsibility to save the encryption key.",
    "Transactions_User_responsibility_bold": "Lose key = Lose file",
    "Transactions_Cur_enkey": "Current encryption key (same as decryption): ",
    "Transactions_Gen_newkey": "Generate new key",
    "Transactions_Set_cuskey": "Set a custom key",
    "Transactions_Enter_key": "Enter encryption key here: ",
    "Transactions_Confirm": "Type 'I know what I'm doing' to continue: ",
    "Transactions_Confirm_str": "I know what I'm doing",
    "Transactions_Ok_genkey": "Generated new encryption key.",
    "Transactions_Ok_setkey": "New encryption key is set.",
    "Transactions_Err_wrongconfirm": "Wrong input, cancelled."
}