{
  "_format": "hh-sol-cache-2",
  "files": {
    "C:\\Users\\FYP\\Desktop\\FYP\\smart_contract\\contracts\\FileManagement.sol": {
      "lastModificationDate": 1685552722686,
      "contentHash": "f4d0a8e0370427c1ac3fdb96982c6aa3",
      "sourceName": "contracts/FileManagement.sol",
      "solcConfig": {
        "version": "0.8.7",
        "settings": {
          "optimizer": {
            "enabled": false,
            "runs": 200
          },
          "outputSelection": {
            "*": {
              "*": [
                "abi",
                "evm.bytecode",
                "evm.deployedBytecode",
                "evm.methodIdentifiers",
                "metadata"
              ],
              "": [
                "ast"
              ]
            }
          }
        }
      },
      "imports": [],
      "versionPragmas": [
        "^0.8.7"
      ],
      "artifacts": [
        "FileManagement"
      ]
    },
    "C:\\Users\\FYP\\Desktop\\FYP\\smart_contract\\contracts\\ProfileMgnt.sol": {
      "lastModificationDate": 1685552722733,
      "contentHash": "19ce328b10354a7968e4d31090f3d5ac",
      "sourceName": "contracts/ProfileMgnt.sol",
      "solcConfig": {
        "version": "0.8.7",
        "settings": {
          "optimizer": {
            "enabled": false,
            "runs": 200
          },
          "outputSelection": {
            "*": {
              "*": [
                "abi",
                "evm.bytecode",
                "evm.deployedBytecode",
                "evm.methodIdentifiers",
                "metadata"
              ],
              "": [
                "ast"
              ]
            }
          }
        }
      },
      "imports": [],
      "versionPragmas": [
        "^0.8.7"
      ],
      "artifacts": [
        "ProfileMgnt"
      ]
    }
  }
}
